,test,F1(B),F1(M),mAP50(B),mAP50(M),mAP50-95(B),mAP50-95(M)
0,Test,0.8016701856056132,0.8043866312628369,0.8469933695975053,0.8496420671770583,0.7346345654693249,0.7051524509483462
