,test,F1(B),F1(M),mAP50(B),mAP50(M),mAP50-95(B),mAP50-95(M)
0,1120sz,0.8122472818256694,0.8129551439717332,0.8555514947321277,0.8560885996718113,0.744234701251618,0.7173678043594676
