metrics/precision(B),metrics/recall(B),metrics/mAP50(B),metrics/mAP50-95(B),metrics/precision(M),metrics/recall(M),metrics/mAP50(M),metrics/mAP50-95(M),F1(B),F1(M)
0.8490277558231526,0.7592543438045022,0.8313367535730493,0.6735483327926357,0.849232196604796,0.7526291674682672,0.824680110728712,0.6294983721861782,0.8016354988575195,0.7980177753869124
