metrics/precision(B),metrics/recall(B),metrics/mAP50(B),metrics/mAP50-95(B),metrics/precision(M),metrics/recall(M),metrics/mAP50(M),metrics/mAP50-95(M),F1(B),F1(M)
0.853633038335342,0.7757885347964617,0.8447835750906403,0.7049387748533266,0.8512189549438759,0.7728309532706403,0.8381941882822233,0.657989467555649,0.812851302552944,0.8101331776368296
