metrics/precision(B),metrics/recall(B),metrics/mAP50(B),metrics/mAP50-95(B),metrics/precision(M),metrics/recall(M),metrics/mAP50(M),metrics/mAP50-95(M),F1(B),F1(M)
0.8650473411871413,0.7807525745736159,0.851283045846763,0.7189583056640032,0.859625229673964,0.7747729820154895,0.8438300348499963,0.6692123328206694,0.8207412484253643,0.814996489652051
