fold_idx,metrics/precision(B),metrics/recall(B),metrics/mAP50(B),metrics/mAP50-95(B),metrics/precision(M),metrics/recall(M),metrics/mAP50(M),metrics/mAP50-95(M)
1,0.8327347159385953,0.7279650378458244,0.8065133345927088,0.6315628245637328,0.840419023764437,0.716990104120923,0.7995614577807862,0.6033642404112417
2,0.8278155291630794,0.7453890130073605,0.8204207394796021,0.6469990645134897,0.8258414962218951,0.7436213736842066,0.8160136428215945,0.6114814156480881
3,0.8424702640152587,0.7264632523190903,0.8162856740001195,0.6374450364610055,0.8465931222093082,0.7240900264343495,0.8155155350708254,0.5962816081724013
4,0.7859071713489452,0.7372215792539225,0.7988244131833745,0.6184812923670179,0.8268495538201165,0.6992408324450565,0.7902551755552862,0.5763336677255472
5,0.823111750068566,0.7193388737656006,0.8002728276930711,0.6290209177479259,0.8201801155117187,0.7175174539093977,0.795557588164264,0.5937694647405828
