metrics/precision(B),metrics/recall(B),metrics/mAP50(B),metrics/mAP50-95(B),metrics/precision(M),metrics/recall(M),metrics/mAP50(M),metrics/mAP50-95(M),F1(B),F1(M)
0.822407886106889,0.7312755512383596,0.8084633977897753,0.6327018271306343,0.8319766623054952,0.7202919581187867,0.8033806798785512,0.5962460793395723,0.7741690048304852,0.7721164897830122
