,test,F1(B),F1(M),mAP50(B),mAP50(M),mAP50-95(B),mAP50-95(M)
0,1280sz,0.842060617888594,0.8419619182896548,0.8796787885552823,0.879325686262227,0.7611375052325215,0.7458263133681111
