fold_idx,metrics/precision(B),metrics/recall(B),metrics/mAP50(B),metrics/mAP50-95(B),metrics/precision(M),metrics/recall(M),metrics/mAP50(M),metrics/mAP50-95(M)
1,0.8686144818981283,0.7989495047737672,0.8653738530938719,0.7491982608169833,0.8707218535579502,0.8024117152066967,0.8674610401356599,0.7341487660821112
2,0.82982292167235,0.8121712041008752,0.8642042868086443,0.7497953713719222,0.8419214245568603,0.8078823861972814,0.8685021422694946,0.7335289258470227
3,0.864536310237533,0.8067343326551555,0.8687423649099667,0.7482813514596247,0.8644045128749055,0.8067845210090505,0.8693669881531044,0.7336513318436444
4,0.8743146721904453,0.7778644420514906,0.8633134241075173,0.7471140252652413,0.8779851237186799,0.7773443913489286,0.8647051928535495,0.7302015309501662
5,0.862452478695724,0.7907612361145665,0.859971209010725,0.7431530575059496,0.8648316592505669,0.7915037289825617,0.8626891802212242,0.7253598372662617
