metrics/precision(B),metrics/recall(B),metrics/mAP50(B),metrics/mAP50-95(B),metrics/precision(M),metrics/recall(M),metrics/mAP50(M),metrics/mAP50-95(M),F1(B),F1(M)
0.8577330755032856,0.792127846977417,0.8552444615679582,0.7261769190414964,0.8547989802934964,0.7885114600269418,0.8488227107653114,0.6755645259539811,0.8236260949294444,0.820318273946261
