,test,F1(B),F1(M),mAP50(B),mAP50(M),mAP50-95(B),mAP50-95(M)
0,1280sz,0.836447216439679,0.8376733660407976,0.8685502364042597,0.8697924400009545,0.7493651465188629,0.7360787988014865
